{
  "data": "data/smd_multi.csv",
  "time_features": true,
  "contamination": 0.05,
  "n_machines": 28,
  "anomaly_ratio": 0.041562914655148074,
  "models": {
    "z-threshold (|z|>3)": {
      "precision": 0.19044306274185835,
      "recall": 0.49586776859504134,
      "f1": 0.27519477255591857,
      "f1_adj": 0.28419638113691054,
      "roc_auc": 0.7911326473056758,
      "pr_auc": 0.23833442587152054,
      "pr_auc_adj": 0.25244091719351486
    },
    "IsolationForest (raw)": {
      "precision": 0.15074471112797647,
      "recall": 0.1798935808898449,
      "f1": 0.16403427273665738,
      "f1_adj": 0.17327444535743633,
      "roc_auc": 0.6738059969020946,
      "pr_auc": 0.1348443932049691,
      "pr_auc_adj": 0.14340623591349583
    },
    "IsolationForest (z-scored)": {
      "precision": 0.23036499140072617,
      "recall": 0.2729536963659006,
      "f1": 0.2498575055702368,
      "f1_adj": 0.26290886648837686,
      "roc_auc": 0.741887427014085,
      "pr_auc": 0.22453235636767424,
      "pr_auc_adj": 0.240161014532622
    },
    "OneClassSVM (z-scored)": {
      "precision": 0.2748792727961367,
      "recall": 0.3286539114683573,
      "f1": 0.29937093946581417,
      "f1_adj": 0.31302746662574804,
      "roc_auc": 0.7677845366136213,
      "pr_auc": 0.24767051112545807,
      "pr_auc_adj": 0.26294810673818003
    },
    "LocalOutlierFactor (z-scored)": {
      "precision": 0.19268784185778717,
      "recall": 0.22732933318238424,
      "f1": 0.20858003531733665,
      "f1_adj": 0.21958395705363135,
      "roc_auc": 0.6965254052504228,
      "pr_auc": 0.15679376803084044,
      "pr_auc_adj": 0.16770110490194143
    },
    "Autoencoder (z-scored)": {
      "precision": 0.2542580220193846,
      "recall": 0.3058983357862561,
      "f1": 0.2776978417266187,
      "f1_adj": 0.29052330919106395,
      "roc_auc": 0.7839675176536154,
      "pr_auc": 0.2160746167730287,
      "pr_auc_adj": 0.22952681679616183
    }
  }
}