{
  "data": "data/smd_multi.csv",
  "time_features": true,
  "contamination": 0.05,
  "n_machines": 28,
  "anomaly_ratio": 0.04156666666666667,
  "models": {
    "z-threshold (|z|>3)": {
      "precision": 0.17344045368620037,
      "recall": 0.49064171122994654,
      "f1": 0.2562849162011173,
      "f1_adj": 0.268377253814147,
      "roc_auc": 0.7961630969547357,
      "pr_auc": 0.23983324914150309,
      "pr_auc_adj": 0.26396700011836033
    },
    "IsolationForest (raw)": {
      "precision": 0.15883668903803133,
      "recall": 0.18983957219251338,
      "f1": 0.17295980511571254,
      "f1_adj": 0.1851179673321234,
      "roc_auc": 0.6711711174152017,
      "pr_auc": 0.13130485136821324,
      "pr_auc_adj": 0.13962632957583515
    },
    "IsolationForest (z-scored)": {
      "precision": 0.22209821428571427,
      "recall": 0.2660427807486631,
      "f1": 0.24209245742092458,
      "f1_adj": 0.26322115384615385,
      "roc_auc": 0.7484116388582708,
      "pr_auc": 0.22624198496064718,
      "pr_auc_adj": 0.2484852355685483
    },
    "OneClassSVM (z-scored)": {
      "precision": 0.26458333333333334,
      "recall": 0.339572192513369,
      "f1": 0.297423887587822,
      "f1_adj": 0.31712962962962965,
      "roc_auc": 0.7656773267239574,
      "pr_auc": 0.2500141286242319,
      "pr_auc_adj": 0.275841748161384
    },
    "LocalOutlierFactor (z-scored)": {
      "precision": 0.18484500574052812,
      "recall": 0.21524064171122995,
      "f1": 0.19888820259419396,
      "f1_adj": 0.21542227662178703,
      "roc_auc": 0.6790217920947862,
      "pr_auc": 0.16583578739093593,
      "pr_auc_adj": 0.18319772742019672
    },
    "Autoencoder (z-scored)": {
      "precision": 0.24555555555555555,
      "recall": 0.29545454545454547,
      "f1": 0.2682038834951456,
      "f1_adj": 0.28382441371016237,
      "roc_auc": 0.7833317938182165,
      "pr_auc": 0.23028823456983494,
      "pr_auc_adj": 0.250970593727193
    }
  }
}