{
  "data": "data/telecom_fleet.csv",
  "time_features": false,
  "contamination": 0.05,
  "n_machines": 200,
  "anomaly_ratio": 0.067825,
  "models": {
    "z-threshold (|z|>3)": {
      "precision": 0.8659127625201939,
      "recall": 0.32923832923832924,
      "f1": 0.477080551846907,
      "f1_adj": 0.5076319232446577,
      "roc_auc": 0.8429080137465619,
      "pr_auc": 0.5958772236903078,
      "pr_auc_adj": 0.6261658929442108
    },
    "IsolationForest (raw)": {
      "precision": 0.42267206477732794,
      "recall": 0.32063882063882065,
      "f1": 0.36465246245197347,
      "f1_adj": 0.39327385037748797,
      "roc_auc": 0.7673535957328197,
      "pr_auc": 0.37895253748389457,
      "pr_auc_adj": 0.41150760245453105
    },
    "IsolationForest (z-scored)": {
      "precision": 0.7316495659037096,
      "recall": 0.5694103194103194,
      "f1": 0.6404145077720207,
      "f1_adj": 0.6648575305291723,
      "roc_auc": 0.9104736593785405,
      "pr_auc": 0.6881456509092703,
      "pr_auc_adj": 0.7149760684438339
    },
    "OneClassSVM (z-scored)": {
      "precision": 0.6568236233040702,
      "recall": 0.5055282555282555,
      "f1": 0.5713293995140576,
      "f1_adj": 0.5985699693564862,
      "roc_auc": 0.8638772370781131,
      "pr_auc": 0.5959453779951528,
      "pr_auc_adj": 0.6269030182295747
    },
    "LocalOutlierFactor (z-scored)": {
      "precision": 0.28307464892830747,
      "recall": 0.23525798525798525,
      "f1": 0.2569607514256961,
      "f1_adj": 0.2783300198807157,
      "roc_auc": 0.7035970342447189,
      "pr_auc": 0.21083586322929765,
      "pr_auc_adj": 0.23237179246245926
    },
    "Autoencoder (z-scored)": {
      "precision": 0.4025,
      "recall": 0.2966830466830467,
      "f1": 0.3415841584158416,
      "f1_adj": 0.36869565217391304,
      "roc_auc": 0.8180858037710355,
      "pr_auc": 0.32673522559305146,
      "pr_auc_adj": 0.3556165727712859
    }
  }
}