{
  "data": "data/smd_multi.csv",
  "time_features": false,
  "contamination": 0.05,
  "n_machines": 28,
  "anomaly_ratio": 0.04156666666666667,
  "models": {
    "z-threshold (|z|>3)": {
      "precision": 0.17344045368620037,
      "recall": 0.49064171122994654,
      "f1": 0.2562849162011173,
      "f1_adj": 0.268377253814147,
      "roc_auc": 0.7961630969547357,
      "pr_auc": 0.23983324914150309,
      "pr_auc_adj": 0.26396700011836033
    },
    "IsolationForest (raw)": {
      "precision": 0.14334470989761092,
      "recall": 0.16844919786096257,
      "f1": 0.15488629379225569,
      "f1_adj": 0.16166564605021433,
      "roc_auc": 0.6818018309277635,
      "pr_auc": 0.1266757105543073,
      "pr_auc_adj": 0.13454701195240443
    },
    "IsolationForest (z-scored)": {
      "precision": 0.2301762114537445,
      "recall": 0.27941176470588236,
      "f1": 0.2524154589371981,
      "f1_adj": 0.27223880597014927,
      "roc_auc": 0.7446517089857675,
      "pr_auc": 0.23794183834910426,
      "pr_auc_adj": 0.26199050482638353
    },
    "OneClassSVM (z-scored)": {
      "precision": 0.2672955974842767,
      "recall": 0.3409090909090909,
      "f1": 0.299647473560517,
      "f1_adj": 0.31939605110336816,
      "roc_auc": 0.7651284482555537,
      "pr_auc": 0.25020014407083396,
      "pr_auc_adj": 0.27608459676598013
    },
    "LocalOutlierFactor (z-scored)": {
      "precision": 0.17319098457888493,
      "recall": 0.19518716577540107,
      "f1": 0.1835323695788812,
      "f1_adj": 0.19600499375780275,
      "roc_auc": 0.6622985508306561,
      "pr_auc": 0.15189338261607005,
      "pr_auc_adj": 0.16708504368557275
    },
    "Autoencoder (z-scored)": {
      "precision": 0.2788888888888889,
      "recall": 0.3355614973262032,
      "f1": 0.30461165048543687,
      "f1_adj": 0.32292917166866747,
      "roc_auc": 0.7852897935727207,
      "pr_auc": 0.2487877173822169,
      "pr_auc_adj": 0.2718360535372546
    }
  }
}