{
  "data": "data/telecom_fleet.csv",
  "time_features": true,
  "contamination": 0.05,
  "n_machines": 200,
  "anomaly_ratio": 0.067825,
  "models": {
    "z-threshold (|z|>3)": {
      "precision": 0.8659127625201939,
      "recall": 0.32923832923832924,
      "f1": 0.477080551846907,
      "f1_adj": 0.5076319232446577,
      "roc_auc": 0.8429080137465619,
      "pr_auc": 0.5958772236903078,
      "pr_auc_adj": 0.6261658929442108
    },
    "IsolationForest (raw)": {
      "precision": 0.40318725099601593,
      "recall": 0.3108108108108108,
      "f1": 0.35102323968088794,
      "f1_adj": 0.38023850085178873,
      "roc_auc": 0.744547908033515,
      "pr_auc": 0.32710755653632917,
      "pr_auc_adj": 0.35686140557872337
    },
    "IsolationForest (z-scored)": {
      "precision": 0.7096,
      "recall": 0.5448402948402948,
      "f1": 0.6164002779708131,
      "f1_adj": 0.6404916353704336,
      "roc_auc": 0.9009330475616458,
      "pr_auc": 0.6504716908216285,
      "pr_auc_adj": 0.6776921193020302
    },
    "OneClassSVM (z-scored)": {
      "precision": 0.658276125095347,
      "recall": 0.5300982800982801,
      "f1": 0.5872745831915618,
      "f1_adj": 0.6141522029372497,
      "roc_auc": 0.8774581007059105,
      "pr_auc": 0.6380947807309099,
      "pr_auc_adj": 0.6675229811098794
    },
    "LocalOutlierFactor (z-scored)": {
      "precision": 0.32017229002153624,
      "recall": 0.273955773955774,
      "f1": 0.2952664680569348,
      "f1_adj": 0.3175432865076772,
      "roc_auc": 0.740238324406034,
      "pr_auc": 0.22466019125899178,
      "pr_auc_adj": 0.244418372906599
    },
    "Autoencoder (z-scored)": {
      "precision": 0.5058333333333334,
      "recall": 0.37285012285012287,
      "f1": 0.4292786421499293,
      "f1_adj": 0.453880960668291,
      "roc_auc": 0.8455362332083234,
      "pr_auc": 0.45002128849267076,
      "pr_auc_adj": 0.4783946514534615
    }
  }
}