{
  "data": "data/smd_multi.csv",
  "time_features": true,
  "contamination": 0.05,
  "n_machines": 28,
  "anomaly_ratio": 0.04156666666666667,
  "models": {
    "z-threshold (|z|>3)": {
      "precision": 0.17344045368620037,
      "recall": 0.49064171122994654,
      "f1": 0.2562849162011173,
      "roc_auc": 0.7961630969547357
    },
    "IsolationForest (raw)": {
      "precision": 0.15883668903803133,
      "recall": 0.18983957219251338,
      "f1": 0.17295980511571254,
      "roc_auc": 0.6711711174152017
    },
    "IsolationForest (z-scored)": {
      "precision": 0.22209821428571427,
      "recall": 0.2660427807486631,
      "f1": 0.24209245742092458,
      "roc_auc": 0.7484116388582708
    },
    "OneClassSVM (z-scored)": {
      "precision": 0.26458333333333334,
      "recall": 0.339572192513369,
      "f1": 0.297423887587822,
      "roc_auc": 0.7656773267239574
    },
    "LocalOutlierFactor (z-scored)": {
      "precision": 0.18484500574052812,
      "recall": 0.21524064171122995,
      "f1": 0.19888820259419396,
      "roc_auc": 0.6790217920947862
    }
  }
}