{
  "data": "data/smd_multi.csv",
  "time_features": false,
  "contamination": 0.05,
  "n_machines": 28,
  "anomaly_ratio": 0.041562914655148074,
  "models": {
    "z-threshold (|z|>3)": {
      "precision": 0.19044306274185835,
      "recall": 0.49586776859504134,
      "f1": 0.27519477255591857,
      "f1_adj": 0.28419638113691054,
      "roc_auc": 0.7911326473056758,
      "pr_auc": 0.23833442587152054,
      "pr_auc_adj": 0.25244091719351486
    },
    "IsolationForest (raw)": {
      "precision": 0.16258246936852028,
      "recall": 0.19529038831654025,
      "f1": 0.17744175281592348,
      "f1_adj": 0.18750959030228634,
      "roc_auc": 0.6580654502953468,
      "pr_auc": 0.1314082227266438,
      "pr_auc_adj": 0.1399577269289476
    },
    "IsolationForest (z-scored)": {
      "precision": 0.22698636577338976,
      "recall": 0.2732933318238424,
      "f1": 0.24799671255393466,
      "f1_adj": 0.2608606975321232,
      "roc_auc": 0.7458387372691386,
      "pr_auc": 0.23032398185048594,
      "pr_auc_adj": 0.24608339715583658
    },
    "OneClassSVM (z-scored)": {
      "precision": 0.28036845135290733,
      "recall": 0.3308049360353221,
      "f1": 0.30350558296546354,
      "f1_adj": 0.31739981456680744,
      "roc_auc": 0.7684548086313272,
      "pr_auc": 0.24926552503117858,
      "pr_auc_adj": 0.26461945089086536
    },
    "LocalOutlierFactor (z-scored)": {
      "precision": 0.16362927589903517,
      "recall": 0.19008264462809918,
      "f1": 0.17586676442861632,
      "f1_adj": 0.1859375,
      "roc_auc": 0.6748638106855388,
      "pr_auc": 0.13061996954356866,
      "pr_auc_adj": 0.13974423822367327
    },
    "Autoencoder (z-scored)": {
      "precision": 0.2585866189893667,
      "recall": 0.31110607947469715,
      "f1": 0.28242548818088387,
      "f1_adj": 0.2957373036916174,
      "roc_auc": 0.7663234328536791,
      "pr_auc": 0.218358160796352,
      "pr_auc_adj": 0.2324260996654129
    }
  }
}