{
  "app-01": {
    "cpu": [
      51.53018838350026,
      8.16772819748687
    ],
    "ram": [
      65.90916231926917,
      6.96878570407456
    ],
    "network": [
      220.00002994911188,
      94.88003093862301
    ]
  },
  "db-01": {
    "cpu": [
      75.66967899055605,
      8.495329976846895
    ],
    "ram": [
      80.81935493343668,
      6.294745915628358
    ],
    "network": [
      131.70810391856634,
      54.87859655833532
    ]
  },
  "web-01": {
    "cpu": [
      30.913804851156716,
      7.22074864168097
    ],
    "ram": [
      50.63567316265952,
      6.39083820596893
    ],
    "network": [
      87.53989853843868,
      37.3726961630182
    ]
  },
  "__global__": {
    "cpu": [
      52.4826524211749,
      19.93322486819325
    ],
    "ram": [
      65.63971359158738,
      13.951809233389543
    ],
    "network": [
      146.3037952156167,
      86.72112037568263
    ]
  }
}